{
	"variables": [],
	"info": {
		"name": "Login",
		"_postman_id": "d05e0462-e60c-71a6-a9f0-336fa8d7e1f6",
		"description": "",
		"schema": "https://schema.getpostman.com/json/collection/v2.0.0/collection.json"
	},
	"item": [
		{
			"name": "Login",
			"request": {
				"url": "http://localhost/PROGRAMACION3/Prog3_practicaParcial2/ingreso/",
				"method": "POST",
				"header": [],
				"body": {
					"mode": "formdata",
					"formdata": [
						{
							"key": "email",
							"value": "santi@gmail.",
							"description": "",
							"type": "text"
						},
						{
							"key": "clave",
							"value": "1233",
							"description": "",
							"type": "text"
						}
					]
				},
				"description": ""
			},
			"response": []
		}
	]
}