{
	"variables": [],
	"info": {
		"name": "Archivos",
		"_postman_id": "6b2dd1df-be55-88a3-c7e7-494cbb54f166",
		"description": "",
		"schema": "https://schema.getpostman.com/json/collection/v2.0.0/collection.json"
	},
	"item": [
		{
			"name": "Descargar PDF Estacionados",
			"request": {
				"url": "http://localhost/PROGRAMACION3/Prog3_TP-Estacionamiento_Final/TP_Estacionamiento_SabrinaVeiga/archivos/pdfEstacionados",
				"method": "GET",
				"header": [],
				"body": {},
				"description": ""
			},
			"response": []
		},
		{
			"name": "Descargar Excel estacionados",
			"request": {
				"url": "http://localhost/PROGRAMACION3/Prog3_TP-Estacionamiento_Final/TP_Estacionamiento_SabrinaVeiga/archivos/excelEstacionados",
				"method": "GET",
				"header": [],
				"body": {},
				"description": ""
			},
			"response": []
		}
	]
}