{
	"variables": [],
	"info": {
		"name": "Login",
		"_postman_id": "7d7ab4cf-3d82-01b6-3ecf-31190f7891b8",
		"description": "",
		"schema": "https://schema.getpostman.com/json/collection/v2.0.0/collection.json"
	},
	"item": [
		{
			"name": "Login USER",
			"request": {
				"url": "http://ssvestacionamiento.xyz/ingreso/",
				"method": "POST",
				"header": [],
				"body": {
					"mode": "formdata",
					"formdata": [
						{
							"key": "clave",
							"value": "1234",
							"description": "",
							"type": "text"
						},
						{
							"key": "email",
							"value": "marianorodriguez@gmail.com",
							"description": "",
							"type": "text"
						}
					]
				},
				"description": ""
			},
			"response": []
		},
		{
			"name": "Login user suspendido",
			"request": {
				"url": "http://ssvestacionamiento.xyz/ingreso/",
				"method": "POST",
				"header": [],
				"body": {
					"mode": "formdata",
					"formdata": [
						{
							"key": "email",
							"value": "mariafernandez@gmail.com",
							"description": "",
							"type": "text"
						},
						{
							"key": "clave",
							"value": "1234",
							"description": "",
							"type": "text"
						}
					]
				},
				"description": ""
			},
			"response": []
		},
		{
			"name": "Login ADMIN",
			"request": {
				"url": "http://ssvestacionamiento.xyz/ingreso/",
				"method": "POST",
				"header": [],
				"body": {
					"mode": "formdata",
					"formdata": [
						{
							"key": "email",
							"value": "sabrinaveiga86@gmail.com",
							"description": "",
							"type": "text"
						},
						{
							"key": "clave",
							"value": "1234",
							"description": "",
							"type": "text"
						}
					]
				},
				"description": ""
			},
			"response": []
		}
	]
}